keyword,found,page,position,url,provider,error,queried_at
5G industrial Router,no,,,,serpapi,,2026-04-16T10:18:58+08:00
Industrial Router,no,,,,serpapi,,2026-04-16T10:19:00+08:00
IOT Router,no,,,,serpapi,,2026-04-16T10:19:06+08:00
M2M Router,no,,,,serpapi,,2026-04-16T10:19:10+08:00
5G DTU,no,,,,serpapi,,2026-04-16T10:19:11+08:00
cellular industrial router,no,,,,serpapi,,2026-04-16T10:19:12+08:00
ATM industrial Router,no,,,,serpapi,,2026-04-16T10:19:16+08:00
Utility industrial router,no,,,,serpapi,,2026-04-16T10:19:18+08:00
Industrial ioT router,no,,,,serpapi,,2026-04-16T10:19:20+08:00
Rugged industrial router,no,,,,serpapi,,2026-04-16T10:19:24+08:00
VPN industrial router,no,,,,serpapi,,2026-04-16T10:19:25+08:00
industrial cellular router,no,,,,serpapi,,2026-04-16T10:19:27+08:00
Industrial Ethernet router,no,,,,serpapi,,2026-04-16T10:19:28+08:00
5G M2M Router,no,,,,serpapi,,2026-04-16T10:19:30+08:00
5G VPN Router,no,,,,serpapi,,2026-04-16T10:19:32+08:00
5G Rugged Router,no,,,,serpapi,,2026-04-16T10:19:35+08:00
5G Failover Router,no,,,,serpapi,,2026-04-16T10:19:36+08:00
5G Industrial Modem,no,,,,serpapi,,2026-04-16T10:19:38+08:00
Rugged router,no,,,,serpapi,,2026-04-16T10:19:39+08:00
industrial router for utilities,no,,,,serpapi,,2026-04-16T10:19:42+08:00
5G Redcap Router,no,,,,serpapi,,2026-04-16T10:19:44+08:00
industrial cellular m2m router,yes,1,9,https://www.waveteliot.com/product-industrial-cellular-m2m-router,serpapi,,2026-04-16T10:19:50+08:00
cellular m2m router,no,,,,serpapi,,2026-04-16T10:19:52+08:00
industrial 5g,no,,,,serpapi,,2026-04-16T10:19:54+08:00
5g iot router,no,,,,serpapi,,2026-04-16T10:19:56+08:00
industrial lte router,no,,,,serpapi,,2026-04-16T10:20:01+08:00
industrial 5g router,no,,,,serpapi,,2026-04-16T10:20:02+08:00
m2m cellular router,no,,,,serpapi,,2026-04-16T10:20:04+08:00
industrial iot ecosystem,no,,,,serpapi,,2026-04-16T10:20:07+08:00
industrial router VPN,no,,,,serpapi,,2026-04-16T10:20:08+08:00
vpn industry router,no,,,,serpapi,,2026-04-16T10:20:10+08:00
industrial router software,yes,1,8,https://www.waveteliot.com/post/industrial-iot-router-operating-system-wrtos,serpapi,,2026-04-16T10:20:13+08:00
industrial router hardware,yes,1,5,https://www.waveteliot.com/post/the-ultimate-guide-to-industrial-router-hardware,serpapi,,2026-04-16T10:20:14+08:00
